{
    "spider": "https://cnb.cool/fish2018/duanju/-/git/raw/main/jar/短剧.jar",
    "warningText": "接口免费整理维护，请勿付费购买",
    "lives": [
        {
            "name": "🐲青龙",
            "type": 0,
            "url": "https://pan.baidu.re/down.php/c0abcb4a572aef3c573a25227d90757c.txt",
            "ua": "okhttp/3.15",
            "epg": "http://epg.51zmt.top:8000/api/diyp/?ch={name}&date={date}",
            "logo": "https://epg.112114.xyz/logo/{name}.png"
        }
    ],
      "sites": [
             {
          "key": "cctv",
          "name": "📺央视大全",
         "type": 3,
          "api": "csp_CCTV",
          "searchable": 0,
         "filterable": 0,
           "ext": "https://gitee.com/xiaoranmuze/iptv/raw/master/lib/ysdq.js",
          "jar": "https://gitee.com/xiaoranmuze/iptv/raw/master/lib/ysdq.jar"
            },         
{
          "key": "央视经典",
                "name": "📺央视｜经典",
                      "type": 3,
                            "api": "csp_Bili",
                                  "searchable": 0,
                                        "quickSearch": 1,
                                              "filterable": 1,
                                                    "ext": "https://gitee.com/xiaoranmuze/iptv/raw/master/lib/ysjd.js"
},
           {
            "key": "py_蓝莓短剧",
            "name": "✨蓝莓短剧✨",
            "type": 3,
            "api": "https://cnb.cool/fish2018/duanju/-/git/raw/main/py/py_蓝莓短剧.py",
            "searchable": 1,
            "quickSearch": 0,
            "filterable": 0
        }
    ],
    "wallpaper": "http://74.120.175.78/JK/api/bg/"
}
